{
  "epoch": [
    1,
    2,
    3,
    4,
    5,
    6,
    7,
    8,
    9,
    10,
    11,
    12,
    13,
    14,
    15,
    16,
    17,
    18,
    19,
    20,
    21,
    22,
    23,
    24,
    25,
    26,
    27,
    28,
    29,
    30,
    31,
    32,
    33,
    34,
    35,
    36,
    37,
    38,
    39,
    40,
    41,
    42,
    43,
    44,
    45,
    46,
    47,
    48,
    49,
    50
  ],
  "train_loss": [
    0.5884949608515326,
    0.560399638160874,
    0.5176505427700763,
    0.48570648600361377,
    0.4560187168427802,
    0.4291850872104137,
    0.3918244603827516,
    0.37155660293294535,
    0.33871736289415577,
    0.31516176733587614,
    0.2997234234963818,
    0.26592282203947576,
    0.2633351174289276,
    0.23612539408441793,
    0.22952873647309768,
    0.21863769948723244,
    0.214569928709327,
    0.19007971903573403,
    0.1908360117597121,
    0.16301427367765584,
    0.13664934586139035,
    0.13858518821219282,
    0.13446692838921584,
    0.1357340645549925,
    0.13572661980375436,
    0.12396305860988607,
    0.10788139377540841,
    0.11859182505876452,
    0.11584764633396458,
    0.10419241912251538,
    0.0948558822944497,
    0.09569310864062422,
    0.08572125806687464,
    0.10879353328716206,
    0.0794978798348147,
    0.07387936413954191,
    0.07790930694004494,
    0.08383841393736084,
    0.07956288877637867,
    0.06364526551027286,
    0.07283083169955812,
    0.057403705322555704,
    0.06529120750520719,
    0.04050190324256956,
    0.0865445769166431,
    0.06891469627397487,
    0.0568326775574917,
    0.05182798589740628,
    0.05225158072572109,
    0.04552986438041084
  ],
  "val_loss": [
    0.6582816574406519,
    0.5907984015902121,
    0.5619554390834116,
    0.5183957191341177,
    0.4857431471534339,
    0.48672078209550224,
    0.45260133132939573,
    0.4245008730772606,
    0.3972938686838094,
    0.3712270457907901,
    0.359974213231168,
    0.34195884083481004,
    0.33663480227408726,
    0.3092434011876719,
    0.2767145357648461,
    0.3117186263362418,
    0.2486164982304684,
    0.25227632541414907,
    0.24779085419328972,
    0.2216385739868868,
    0.2209821873561531,
    0.18706220393603962,
    0.17180565999424469,
    0.21256332046924029,
    0.1878569359875514,
    0.17768332997398123,
    0.16954078961150978,
    0.16261239869569807,
    0.13774424234034616,
    0.1493676472400662,
    0.1731204704277945,
    0.1510798097185947,
    0.12725050336554836,
    0.13457676319425516,
    0.133411814534389,
    0.13282047427501034,
    0.1315949662786403,
    0.10424814192710848,
    0.10510990325128147,
    0.1018389469862797,
    0.12195190598613104,
    0.12226299766576477,
    0.08825862955398756,
    0.10862655290223462,
    0.09885749921949151,
    0.11294041978308451,
    0.09506813914304305,
    0.09963337721608383,
    0.12361709682566961,
    0.07412207610587283
  ],
  "train_acc": [
    54.51791348564053,
    59.21835252864558,
    62.18969768513037,
    66.2070323746379,
    68.51522734064815,
    72.20333394078779,
    74.92158601845982,
    77.7036751780416,
    79.66720236863218,
    80.98014271082236,
    83.10371778109166,
    84.289364687433,
    85.81170002865785,
    88.15746233715605,
    88.41387361880484,
    89.71237651434282,
    90.88445946531012,
    92.07896630932007,
    92.08895722047104,
    92.76599146612936,
    93.88334342753114,
    93.82769636737527,
    95.60856062365615,
    95.39974573154687,
    95.52713208110848,
    95.08695665888973,
    95.84384281944413,
    97.48387935157487,
    96.44694437944803,
    97.82036409193284,
    98.0562794393863,
    98.27091020727671,
    97.96732450882389,
    98.15928745145433,
    98.20943894702172,
    99.2436083991205,
    99.41655692119588,
    99.04668409660084,
    99.6331267159659,
    99.28170309410736,
    98.88338498977089,
    99.11085643117433,
    99.6520150045119,
    99.31902553935664,
    99.34160260258182,
    99.56519192958898,
    98.91414768925398,
    99.83380506311683,
    100.27430528135456,
    100.21923043235748
  ],
  "val_acc": [
    54.50588238970972,
    58.50205756985474,
    61.646175859879804,
    66.73765566462369,
    67.73930713176354,
    70.36360328512339,
    73.31806396365835,
    75.46644575724405,
    79.03865414800708,
    78.52702237556477,
    83.03128465662712,
    82.51215038077146,
    86.1980616445479,
    86.55138393658316,
    87.6529448898012,
    88.06423078870486,
    89.10344537802861,
    90.01768774887181,
    92.55862001489723,
    92.56687554208503,
    91.65608966730943,
    92.49202115921142,
    93.38756367783037,
    94.01825387003915,
    93.63037624117425,
    95.92507593132683,
    96.07893245600305,
    94.89049953414971,
    95.94571849394612,
    96.92347902346401,
    97.34571773145255,
    97.94797447190898,
    96.69003253326456,
    97.13324060472839,
    98.10366739848557,
    98.13545328149075,
    98.12258268517459,
    97.72138352680959,
    98.98745707742239,
    98.07354169566554,
    99.31124006573246,
    99.31345000170556,
    97.23587123102283,
    98.52405663640789,
    98.99148375523296,
    99.63763191560048,
    100.171580403504,
    97.63293244468332,
    99.48859461028611,
    98.69676732835411
  ]
}